platform,content,image_link,hashtags,scheduled_time,notes
TikTok,"I just launched a framework for new executives.

After going through 3 executive transitions, I documented what actually works.

90-day playbook. Stakeholder mapping. Email templates. 1-on-1 scripts.

Everything I wish I'd had on day 1.

This is Executive Forge.

*Link in bio*

#ExecutiveForge #Leadership #CareerTok",https://example.com/img/tiktok-launch.jpg,#ExecutiveForge #Leadership #CareerTok #CareerAdvice #Management #PersonalGrowth #Entrepreneur,2026-02-05 06:00:00,"Launch - Hook + CTA"
TikTok,"New executives make this mistake:

They confuse SPEED with LEADERSHIP.

They think: 'Move fast, prove yourself.'

Reality: Your team is watching if you're SAFE.

Move slow month 1-2, bank credit.
Move fast month 3, you've earned it.

This is the framework I teach.

#ExecutiveForge #Leadership #CareerTok",https://example.com/img/tiktok-mistake.jpg,#ExecutiveForge #Leadership #CareerTok #CareerAdvice #Management #LeadershipTips #PersonalGrowth,2026-02-05 12:00:00,"Teaching - Speed vs Leadership"
TikTok,"POV: You got promoted and now you're drowning.

50 meetings. 200 emails. Everyone has opinions.

Month 2: You move too fast, make enemies.
Month 3: You finally get it.
Month 4: Too late.

The 90-day framework prevents this.

Listen → Diagnose → Move

That's it. That's the game.

*Link in bio for full framework*

#ExecutiveForge #Leadership #CareerTok",https://example.com/img/tiktok-promoted.jpg,#ExecutiveForge #Leadership #CareerTok #CareerAdvice #NewManager #PersonalGrowth #Entrepreneur,2026-02-05 21:00:00,"Relatable Story - Promotion"
TikTok,"NETFLIX vs BLOCKBUSTER:

Why Netflix won wasn't obvious.

Blockbuster: 'Return this tonight.'
Netflix: 'Keep watching.'

Small difference. Massive outcome.

Companies winning aren't winning on FEATURES.

They're winning on FRICTION.

Reduce friction to staying.
Add friction to leaving.

That's the game.

#ExecutiveForge #Business #Strategy",https://example.com/img/tiktok-netflix.jpg,#ExecutiveForge #Business #Strategy #Economics #EntrepreneurTok #FYP #Viral,2026-02-06 06:00:00,"Script 001 - Netflix Battle"
TikTok,"LUXURY BRANDS DON'T WANT YOU TO BUY EASILY.

Hermès creates waiting lists DELIBERATELY.

Why?

Scarcity = value.

The harder to get = more you want it.

It's not the bag quality.
It's that you CAN'T GET IT.

That's entire $2T luxury industry.

Psychology > product quality.

#ExecutiveForge #Business #Strategy",https://example.com/img/tiktok-luxury.jpg,#ExecutiveForge #Business #Strategy #Marketing #Psychology #Entrepreneur #FYP,2026-02-06 12:00:00,"Script 002 - Luxury Scarcity"
TikTok,"AIRBNB'S GENIUS MOVE:

They don't own hotels.

They OWN EMPTY APARTMENTS.

7M apartments generating revenue.

Airbnb owns ZERO.

Takes 15% of $100B+ annual volume.

They don't own the supply.
They OWN THE NETWORK.

That's how you scale.

Platform economics > asset ownership.

#ExecutiveForge #Business #Strategy",https://example.com/img/tiktok-airbnb.jpg,#ExecutiveForge #Business #Strategy #Startups #Entrepreneurship #FYP #EntrepreneurTok,2026-02-06 21:00:00,"Script 003 - Airbnb Network"
TikTok,"AMAZON PRIME COSTS $139/YEAR.

But you'll never leave.

Why?

Because leaving means losing your entire shopping behavior.

$139 doesn't buy fast shipping.

It buys your ADDICTION to the platform.

That friction is worth BILLIONS.

Your moat isn't the product.
It's how hard to escape.

#ExecutiveForge #Business #Strategy",https://example.com/img/tiktok-amazon.jpg,#ExecutiveForge #Business #Strategy #Economics #Amazon #Marketing #FYP,2026-02-07 06:00:00,"Script 004 - Amazon Trap"
TikTok,"STRIPE IS WORTH $95 BILLION.

Zero ads.
Zero sales team.
Zero marketing budget.

How?

Developers wanted to recommend it.

Why?

The product was SO GOOD that integrating it took 3 minutes.

So developers told their friends: 'Use Stripe.'

Product-led growth.

Your product is your marketing.

#ExecutiveForge #Startups #Strategy",https://example.com/img/tiktok-stripe.jpg,#ExecutiveForge #Startups #Strategy #SaaS #ProductStrategy #FYP #EntrepreneurTok,2026-02-07 12:00:00,"Script 005 - Stripe Growth"
TikTok,"FAST FASHION IS DYING.

Built on cheap labor + consumer apathy.

Both disappearing.

Zara, H&M, Forever 21 have 5 years.

Gen Z is thrifting.
Consumers care about waste.
People are broke.

Winners:
✅ Patagonia (repair)
✅ LVMH (luxury)
✅ Resale (extraction)

The old model is done.

#ExecutiveForge #Business #Sustainability",https://example.com/img/tiktok-fastfashion.jpg,#ExecutiveForge #Business #Sustainability #Fashion #FYP #RetailTok #FutureOfWork,2026-02-07 21:00:00,"Script 006 - Fashion Collapse"
TikTok,"TESLA BROKE THE CAR INDUSTRY.

Luxury car brands sold status.

Tesla sold PERFORMANCE + INNOVATION + STATUS.

But the kill move?

CHARGING NETWORK.

Now you're locked in forever.

That's not a car company.
That's a PLATFORM.

Platform scale exponentially.
Products scale linearly.

Which are you building?

#ExecutiveForge #Tesla #Business",https://example.com/img/tiktok-tesla.jpg,#ExecutiveForge #Tesla #Business #Innovation #Strategy #FYP #EntrepreneurTok,2026-02-08 06:00:00,"Script 007 - Tesla Platform"
TikTok,"COSTCO RAISED MEMBERSHIP FEES.

Customers CHEERED.

Why?

Higher membership = 'I should shop here more' = 'I get value.'

Psychological lock-in.

Higher barrier = more committed customers.

Sometimes raising prices locks customers in, not out.

Psychology > pricing strategy.

#ExecutiveForge #Business #Strategy",https://example.com/img/tiktok-costco.jpg,#ExecutiveForge #Business #Strategy #Psychology #Economics #FYP #BusinessTok,2026-02-08 12:00:00,"Script 008 - Costco Psychology"
TikTok,"GAMING COMPANIES MAKE BILLIONS FROM 'FREE' GAMES.

How?

FOMO + SCARCITY + PSYCHOLOGY.

Limited-time skins.
Level caps.
Daily rewards.
Seasonal passes.

No one needs it.
Everyone buys it.

$100B+ industry built on behavioral economics.

They're not selling games.
They're selling fear of missing out.

#ExecutiveForge #Gaming #Psychology",https://example.com/img/tiktok-gaming.jpg,#ExecutiveForge #Gaming #Psychology #Business #Strategy #FYP #GamingTok,2026-02-08 21:00:00,"Script 009 - Gaming FOMO"
TikTok,"STARBUCKS IS LOSING TO LOCAL COFFEE SHOPS.

Market fragmentation.

Nobody wants 'coffee for everyone.'

They want coffee FOR THEM:

Specialty roaster
Third-wave culture
Community
Story

Compete on IDENTITY, not price.

Serve a tribe obsessively, not masses vaguely.

That's how you win in 2026.

#ExecutiveForge #Business #Strategy",https://example.com/img/tiktok-starbucks.jpg,#ExecutiveForge #Business #Strategy #Coffee #Marketing #Niche #FYP,2026-02-09 06:00:00,"Script 010 - Starbucks Collapse"
TikTok,"APPLE'S $3 TRILLION VALUATION ISN'T ABOUT IPHONES.

It's about ecosystem lock-in.

iPhone → MacBook → AirPods → Watch → AppleTV

Now switching costs EXPLODE.

You can't leave without losing everything.

It's not the hardware.
It's the TRAP.

Your moat is how hard it is to escape.

#ExecutiveForge #Apple #Business",https://example.com/img/tiktok-apple.jpg,#ExecutiveForge #Apple #Business #Strategy #Economics #FYP #Tech,2026-02-09 12:00:00,"Script 011 - Apple Ecosystem"
TikTok,"NICHE BRANDS BEAT MASS MARKET.

Always.

Seth Godin: 'Product for everyone = product for no one.'

Don't compete on price.
Compete on IDENTITY.

Find your tribe.
Serve obsessively.
Become irreplaceable.

Mass market = race to bottom.
Niche market = premium pricing.

Which game are you playing?

#ExecutiveForge #Business #Marketing",https://example.com/img/tiktok-niche.jpg,#ExecutiveForge #Business #Marketing #Strategy #Branding #Niche #FYP,2026-02-09 21:00:00,"Script 012 - Niche Dominance"
TikTok,"UBER LOST MONEY FOR 10 YEARS.

Here's the VC math:

Don't build profitable.
Build NETWORK.

Network value = users squared.

Build biggest network fastest.

Profits come later.

(Or never.)

But investors care about scale, not current margins.

That's why it works.

#ExecutiveForge #Startups #Entrepreneur",https://example.com/img/tiktok-uber.jpg,#ExecutiveForge #Startups #Entrepreneur #VentureCapital #Business #FYP #EntrepreneurTok,2026-02-10 06:00:00,"Script 013 - Uber VC Model"
TikTok,"MONOPOLIES ARE WINNING.

Regulators can't catch up.

Big Tech has moats deeper than oil companies:

Data moats
Network moats
Software moats

Breaking them up?

Technically impossible.

You either win big or lose completely.

No middle ground.

The future is consolidation.

#ExecutiveForge #Tech #Business",https://example.com/img/tiktok-monopoly.jpg,#ExecutiveForge #Tech #Business #Economics #Strategy #FYP #Politics,2026-02-10 12:00:00,"Script 014 - Monopoly Power"
TikTok,"BILLIONAIRES FEAR RECESSIONS THEN BUY EVERYTHING CHEAP.

Disaster capitalism:

Crisis = opportunity
Those with cash win
Wealth transfers upward

Buffett 2008: Bought everything. Became richer.

Most people: Lost jobs, homes, power.

Recessions aren't equal opportunities.
They're wealth transfers.

Understand this.

#ExecutiveForge #Finance #Economics",https://example.com/img/tiktok-recession.jpg,#ExecutiveForge #Finance #Economics #Wealth #Business #FYP #FinTok,2026-02-10 21:00:00,"Script 016 - Wealth Transfer"
TikTok,"INFLATION MAKES YOU POORER.

Even if salary went up.

Real wages haven't moved since 1973.

But numbers look bigger so you think you're winning.

That's the financial anxiety.

You're right to feel it.

The math is real.

Nominal wages up.
Real purchasing power down.

#ExecutiveForge #Finance #Economics",https://example.com/img/tiktok-inflation.jpg,#ExecutiveForge #Finance #Economics #Money #Wealth #FYP #FinTok,2026-02-11 06:00:00,"Script 017 - Inflation Truth"
TikTok,"INTEREST RATES DESTROYED REAL ESTATE.

A $300K house costs $1M MORE over 30 years.

At 3%: X
At 8%: X + $1M

The Fed made homeownership impossible.

Intentionally.

Generational wealth transfer stopped.

Understand this if you're buying.

#ExecutiveForge #RealEstate #Finance",https://example.com/img/tiktok-housing.jpg,#ExecutiveForge #RealEstate #Finance #Economics #Housing #FYP #FinTok,2026-02-11 12:00:00,"Script 018 - Interest Rates"
TikTok,"STARTUP FOUNDERS GET TRAPPED.

They build product.

Think: 'I'm the CEO now.'

Reality: Different skills needed.

Product genius ≠ operational genius ≠ financial genius.

Most switch 3 roles in 10 years.

Or burn out trying to do all 3.

Know your lanes.

#ExecutiveForge #Startups #Leadership",https://example.com/img/tiktok-founder.jpg,#ExecutiveForge #Startups #Leadership #Entrepreneur #EntrepreneurTok #FYP #Business,2026-02-11 21:00:00,"Script 019 - Founder Reality"
TikTok,"VC-BACKED STARTUPS FAIL 90% OF THE TIME.

Best founders.
Best funding.
Best products.

9 out of 10 fail.

Maybe the trap isn't lack of capital.

Maybe it's the GROWTH MANDATE.

Investors need 10x returns.

That forces unsustainable growth.

Most profitable businesses can't be 10x.

Those aren't failures.

They're just not VC plays.

#ExecutiveForge #Startups",https://example.com/img/tiktok-vc-fail.jpg,#ExecutiveForge #Startups #VentureCapital #Entrepreneur #EntrepreneurTok #Business #FYP,2026-02-12 06:00:00,"Script 020 - VC Failure Rate"
TikTok,"WHY YOU BUY $8 COFFEE.

It's not the taste.

It's the STATUS.

Says:
'I'm sophisticated'
'I'm busy'
'I have taste'

The quality doesn't justify the price.

The SIGNAL does.

Everything luxury is status.
Everything premium is psychology.

Once you see it, you can't unsee it.

#ExecutiveForge #Psychology #Marketing",https://example.com/img/tiktok-coffee.jpg,#ExecutiveForge #Psychology #Marketing #Consumer #Business #FYP #Retail,2026-02-12 12:00:00,"Script 031 - Coffee Status"
TikTok,"SUNK COST FALLACY RUINS DECISIONS.

You paid $500 for concert tickets.

Hate the show.

Watch entire thing because 'I already paid.'

Logical? No.
Real? Yes.

We optimize for 'not wasting' over actual value.

Awareness changes everything.

Stop doing this.

#ExecutiveForge #Psychology #Decisions",https://example.com/img/tiktok-sunk-cost.jpg,#ExecutiveForge #Psychology #Decisions #MentalHealth #Mindset #FYP #SelfGrowth,2026-02-12 21:00:00,"Script 033 - Sunk Cost"
TikTok,"ANCHOR PRICES DESTROY YOUR NEGOTIATING POWER.

Someone says: '$500K for this house.'

Now $450K feels cheap.

But if they said $350K you wouldn't pay $450K.

First number anchors your thinking.

Know this when negotiating:

Salary
Contracts
Anything

You're anchored whether you know it or not.

#ExecutiveForge #Negotiation #Psychology",https://example.com/img/tiktok-anchoring.jpg,#ExecutiveForge #Negotiation #Psychology #Business #CareerAdvice #FYP #Tips,2026-02-13 06:00:00,"Script 034 - Anchor Effect"
TikTok,"ILLUSION OF CONTROL KILLS INVESTOR RETURNS.

You think you have edge.

You don't.

Passive investors outperform 90%+ of active.

But you still think YOU'RE the one.

That's the illusion costing you money.

Let it go.

Buy index funds.
Stop checking daily.
Let time work.

#ExecutiveForge #Investing #Finance",https://example.com/img/tiktok-investing.jpg,#ExecutiveForge #Investing #Finance #Wealth #Stocks #FYP #FinTok,2026-02-13 12:00:00,"Script 035 - Investor Illusion"
TikTok,"NETWORK EFFECTS WIN ALWAYS.

Friendster had better design than Facebook.

But Facebook had more users.

Friendster is dead.

Users went where users were.

Network effects aren't fair.
They're ABSOLUTE.

Build network.
Design is secondary.

That's the game.

#ExecutiveForge #Business #Strategy",https://example.com/img/tiktok-network.jpg,#ExecutiveForge #Business #Strategy #Growth #Startups #FYP #EntrepreneurTok,2026-02-13 21:00:00,"Script 036 - Network Effects"
TikTok,"FOCUSING ILLUSION DESTROYS YOUR HAPPINESS.

You want the promotion.

You don't want 80 hr/week.

You focus on promotion, ignore cost.

Then you get it.

Don't get happier (hedonic adaptation).

But you're already committed.

Now you're stuck.

Understand what you actually want.

#ExecutiveForge #Psychology #Happiness",https://example.com/img/tiktok-focusing.jpg,#ExecutiveForge #Psychology #Happiness #MentalHealth #Mindset #FYP #SelfGrowth,2026-02-14 06:00:00,"Script 037 - Focusing Illusion"
TikTok,"DUNNING-KRUGER EFFECT:

Less you know = more confident.

Experts know how much they don't know.

Beginners don't.

Why startup founders with 0 exp are most confident.

And why they fail.

Competence requires humility.

The less sure you are, the more you've learned.

#ExecutiveForge #Psychology #Learning",https://example.com/img/tiktok-dunning.jpg,#ExecutiveForge #Psychology #Learning #SelfAwareness #Mindset #FYP #GrowthMindset,2026-02-14 12:00:00,"Script 038 - Dunning Kruger"
TikTok,"DISRUPTIVE INNOVATION DESTROYS PROFITABLE BUSINESSES.

Nokia owned phones.

Couldn't pivot to smartphones.

Why?

Current business too profitable.

The innovator's dilemma:

Success blocks you from pivoting.

This happens to EVERY giant.

Kodak. Blockbuster. Sears.

You either adapt or die.

#ExecutiveForge #Business #Strategy",https://example.com/img/tiktok-disruption.jpg,#ExecutiveForge #Business #Strategy #Innovation #Technology #FYP #EntrepreneurTok,2026-02-14 21:00:00,"Script 041 - Disruptive Innovation"
